{"id":1,"firstname":"James ","middlename":"","lastname":"Smith","dob_year":2018,"dob_month":1,"gender":"M","salary":3000}
{"id":2,"firstname":"Michael ","middlename":"Rose","lastname":"","dob_year":2010,"dob_month":3,"gender":"M","salary":4000}
{"id":3,"firstname":"Robert ","middlename":"","lastname":"Williams","dob_year":2010,"dob_month":3,"gender":"M","salary":4000}
{"id":4,"firstname":"Maria ","middlename":"Anne","lastname":"Jones","dob_year":2005,"dob_month":5,"gender":"F","salary":4000}
{"id":5,"firstname":"Jen","middlename":"Mary","lastname":"Brown","dob_year":2010,"dob_month":7,"gender":"","salary":-1}
